{
  "timestamp": "2025-12-19T07:21:29.514355",
  "system_details": {
    "os": "Linux 6.17.9-arch1-1",
    "processor": "",
    "ram_gb": 14.862682342529297,
    "cpu_count": 16
  },
  "measurements": {
    "Случайные символы (малый алфавит)": {
      "KMP": {
        "total_time": 0.0193065920002482,
        "time_per_run": 0.0019306592000248202,
        "iterations": 10,
        "matches_found": 0
      },
      "Z-алгоритм": {
        "total_time": 0.041089737999755016,
        "time_per_run": 0.004108973799975502,
        "iterations": 10,
        "matches_found": 0
      },
      "Бойер-Мур": {
        "total_time": 0.02422283099986089,
        "time_per_run": 0.0024222830999860888,
        "iterations": 10,
        "matches_found": 0
      },
      "Рабин-Карп": {
        "total_time": 0.08846197900038533,
        "time_per_run": 0.008846197900038533,
        "iterations": 10,
        "matches_found": 0
      }
    },
    "Случайные символы (полный алфавит)": {
      "KMP": {
        "total_time": 0.014227005000066129,
        "time_per_run": 0.0014227005000066128,
        "iterations": 10,
        "matches_found": 0
      },
      "Z-алгоритм": {
        "total_time": 0.035326765000718297,
        "time_per_run": 0.0035326765000718297,
        "iterations": 10,
        "matches_found": 0
      },
      "Бойер-Мур": {
        "total_time": 0.006273035000049276,
        "time_per_run": 0.0006273035000049276,
        "iterations": 10,
        "matches_found": 0
      },
      "Рабин-Карп": {
        "total_time": 0.08707454500017775,
        "time_per_run": 0.008707454500017775,
        "iterations": 10,
        "matches_found": 0
      }
    },
    "Повторяющийся паттерн": {
      "KMP": {
        "total_time": 0.021582919000138645,
        "time_per_run": 0.0021582919000138643,
        "iterations": 10,
        "matches_found": 0
      },
      "Z-алгоритм": {
        "total_time": 0.04925063799964846,
        "time_per_run": 0.0049250637999648465,
        "iterations": 10,
        "matches_found": 0
      },
      "Бойер-Мур": {
        "total_time": 0.01468618999933824,
        "time_per_run": 0.001468618999933824,
        "iterations": 10,
        "matches_found": 0
      },
      "Рабин-Карп": {
        "total_time": 0.0797299629994086,
        "time_per_run": 0.00797299629994086,
        "iterations": 10,
        "matches_found": 0
      }
    },
    "Однотипные символы": {
      "KMP": {
        "total_time": 0.03575305600043066,
        "time_per_run": 0.003575305600043066,
        "iterations": 10,
        "matches_found": 9998
      },
      "Z-алгоритм": {
        "total_time": 0.08618253499935236,
        "time_per_run": 0.008618253499935235,
        "iterations": 10,
        "matches_found": 9998
      },
      "Бойер-Мур": {
        "total_time": 0.07945443300013721,
        "time_per_run": 0.007945443300013722,
        "iterations": 10,
        "matches_found": 9998
      },
      "Рабин-Карп": {
        "total_time": 0.07140544400044746,
        "time_per_run": 0.007140544400044746,
        "iterations": 10,
        "matches_found": 9998
      }
    },
    "Неудачный сценарий": {
      "KMP": {
        "total_time": 0.013322221000635182,
        "time_per_run": 0.0013322221000635181,
        "iterations": 10,
        "matches_found": 0
      },
      "Z-алгоритм": {
        "total_time": 0.034266227000443905,
        "time_per_run": 0.0034266227000443903,
        "iterations": 10,
        "matches_found": 0
      },
      "Бойер-Мур": {
        "total_time": 0.01607920300011756,
        "time_per_run": 0.001607920300011756,
        "iterations": 10,
        "matches_found": 0
      },
      "Рабин-Карп": {
        "total_time": 0.04942648000087502,
        "time_per_run": 0.004942648000087502,
        "iterations": 10,
        "matches_found": 0
      }
    }
  },
  "scalability_test": {
    "1000": {
      "KMP": 134.19300012174062,
      "Z-алгоритм": 394.7630002585356,
      "Рабин-Карп": 900.2249998957268
    },
    "5000": {
      "KMP": 683.9780007794616,
      "Z-алгоритм": 2020.7859997753985,
      "Рабин-Карп": 4685.935999987123
    },
    "10000": {
      "KMP": 1499.0330000728136,
      "Z-алгоритм": 4067.1299993846333,
      "Рабин-Карп": 11095.808000391116
    },
    "50000": {
      "KMP": 10100.714000145672,
      "Z-алгоритм": 32711.68899937038,
      "Рабин-Карп": 48716.020999563625
    },
    "100000": {
      "KMP": 27070.79399988288,
      "Z-алгоритм": 74532.6340002066,
      "Рабин-Карп": 87872.98900006135
    }
  },
  "worst_scenarios": {
    "Паттерн в начале": {
      "KMP": {
        "time_microseconds": 1039.2670001238002,
        "matches_count": 1
      },
      "Z-алгоритм": {
        "time_microseconds": 3713.043000061589,
        "matches_count": 1
      },
      "Бойер-Мур": {
        "time_microseconds": 1012.4170003109612,
        "matches_count": 1
      },
      "Рабин-Карп": {
        "time_microseconds": 2803.2999998686137,
        "matches_count": 1
      }
    },
    "Паттерн в конце": {
      "KMP": {
        "time_microseconds": 663.5499994445127,
        "matches_count": 1
      },
      "Z-алгоритм": {
        "time_microseconds": 1758.78299978649,
        "matches_count": 1
      },
      "Бойер-Мур": {
        "time_microseconds": 874.9279995754478,
        "matches_count": 1
      },
      "Рабин-Карп": {
        "time_microseconds": 3217.399999812187,
        "matches_count": 1
      }
    },
    "Паттерн отсутствует": {
      "KMP": {
        "time_microseconds": 674.7610004822491,
        "matches_count": 0
      },
      "Z-алгоритм": {
        "time_microseconds": 1729.4270001002587,
        "matches_count": 0
      },
      "Бойер-Мур": {
        "time_microseconds": 978.3929999684915,
        "matches_count": 0
      },
      "Рабин-Карп": {
        "time_microseconds": 2495.3400006779702,
        "matches_count": 0
      }
    },
    "Частичные совпадения": {
      "KMP": {
        "time_microseconds": 887.8429998731008,
        "matches_count": 0
      },
      "Z-алгоритм": {
        "time_microseconds": 2170.216999729746,
        "matches_count": 0
      },
      "Бойер-Мур": {
        "time_microseconds": 760.0019998790231,
        "matches_count": 0
      },
      "Рабин-Карп": {
        "time_microseconds": 3209.825999874738,
        "matches_count": 0
      }
    }
  },
  "pattern_length_impact": {
    "1": {
      "KMP": 10126.613000466023,
      "Z-алгоритм": 23877.95200047549,
      "Рабин-Карп": 20991.85600036435
    },
    "3": {
      "KMP": 9362.462999888521,
      "Z-алгоритм": 22122.07499997021,
      "Рабин-Карп": 25440.524999794434
    },
    "5": {
      "KMP": 9101.210999688192,
      "Z-алгоритм": 21278.406000419636,
      "Рабин-Карп": 42911.579000247
    },
    "10": {
      "KMP": 9050.595999724464,
      "Z-алгоритм": 21142.47899953625,
      "Рабин-Карп": 42337.0859998613
    },
    "20": {
      "KMP": 9002.024000437814,
      "Z-алгоритм": 21148.159999938798,
      "Рабин-Карп": 42432.38599974575
    },
    "50": {
      "KMP": 8959.36399956554,
      "Z-алгоритм": 21145.00399966346,
      "Рабин-Карп": 42399.61500024947
    },
    "100": {
      "KMP": 9061.406000000716,
      "Z-алгоритм": 21149.782999600575,
      "Рабин-Карп": 42514.0300003477
    }
  }
}